<?xml version="1.0" encoding="UTF-8"?><InteractionHistory Id="local-2" Version="1"><InteractionEvent Delta="null" EndDate="2018-04-13 15:30:06.867 AEST" Interest="22.317" Kind="propagation" Navigation="org.eclipse.mylyn.core.model.edges.containment" OriginId="org.eclipse.mylyn.core.model.interest.propagation" StartDate="2018-04-13 15:25:04.953 AEST" StructureHandle="=Assignment1/src&amp;lt;{testBot.java[testBot" StructureKind="java" NumEvents="29" CreationCount="2"/><InteractionEvent Delta="null" EndDate="2018-04-16 21:45:08.263 AEST" Interest="2.0" Kind="selection" Navigation="null" OriginId="org.eclipse.ui.DefaultTextEditor" StartDate="2018-04-14 00:39:01.392 AEST" StructureHandle="/Assignment1/src/test.txt" StructureKind="resource" NumEvents="2" CreationCount="90"/><InteractionEvent Delta="null" EndDate="2018-04-16 21:45:08.760 AEST" Interest="4.0" Kind="edit" Navigation="null" OriginId="org.eclipse.ui.DefaultTextEditor" StartDate="2018-04-14 00:39:01.422 AEST" StructureHandle="/Assignment1/src/test.txt" StructureKind="resource" NumEvents="4" CreationCount="90"/><InteractionEvent Delta="null" EndDate="2018-04-16 21:45:08.263 AEST" Interest="23.440002" Kind="manipulation" Navigation="null" OriginId="org.eclipse.mylyn.core.model.interest.decay.correction" StartDate="2018-04-16 21:45:08.263 AEST" StructureHandle="/Assignment1/src/test.txt" StructureKind="resource"/><InteractionEvent Delta="null" EndDate="2018-05-25 15:03:28.687 AEST" Interest="609.0" Kind="propagation" Navigation="null" OriginId="org.eclipse.jdt.ui.CompilationUnitEditor" StartDate="2018-04-13 15:26:14.18 AEST" StructureHandle="/Assignment1/src/ChatBot.java" StructureKind="resource" NumEvents="609" CreationCount="32"/><InteractionEvent Delta="null" EndDate="2018-05-25 15:03:28.687 AEST" Interest="1610.0" Kind="propagation" Navigation="org.eclipse.mylyn.core.model.edges.containment" OriginId="org.eclipse.mylyn.core.model.interest.propagation" StartDate="2018-04-13 15:25:04.903 AEST" StructureHandle="=Assignment1" StructureKind="resource" NumEvents="1610" CreationCount="1"/><InteractionEvent Delta="null" EndDate="2018-04-13 15:26:28.36 AEST" Interest="1.0" Kind="propagation" Navigation="null" OriginId="org.eclipse.mylyn.resources.ui.interest.updater" StartDate="2018-04-13 15:26:28.36 AEST" StructureHandle="/Week6/bin" StructureKind="resource"/><InteractionEvent Delta="null" EndDate="2018-04-13 15:54:25.572 AEST" Interest="4.0" Kind="selection" Navigation="null" OriginId="org.eclipse.jdt.ui.CompilationUnitEditor" StartDate="2018-04-13 15:29:25.870 AEST" StructureHandle="=Week6/src&amp;lt;{TestAccount.java[TestAccount~main~\[QString;" StructureKind="java" NumEvents="4" CreationCount="70"/><InteractionEvent Delta="null" EndDate="2018-04-13 16:00:20.529 AEST" Interest="13.0" Kind="edit" Navigation="null" OriginId="org.eclipse.jdt.ui.CompilationUnitEditor" StartDate="2018-04-13 15:29:26.388 AEST" StructureHandle="=Week6/src&amp;lt;{TestAccount.java[TestAccount~main~\[QString;" StructureKind="java" NumEvents="13" CreationCount="70"/><InteractionEvent Delta="null" EndDate="2018-04-16 21:45:00.583 AEST" Interest="933.0" Kind="propagation" Navigation="null" OriginId="org.eclipse.jdt.ui.PackageExplorer" StartDate="2018-04-14 20:14:14.972 AEST" StructureHandle="/Assignment1/src/test.java" StructureKind="resource" NumEvents="933" CreationCount="506"/><InteractionEvent Delta="null" EndDate="2018-04-14 20:41:00.943 AEST" Interest="13.0" Kind="selection" Navigation="null" OriginId="org.eclipse.jdt.ui.CompilationUnitEditor" StartDate="2018-04-15 15:35:03.787 AEST" StructureHandle="=Assignment1/src&amp;lt;{test.java[test" StructureKind="java" NumEvents="11" CreationCount="677"/><InteractionEvent Delta="null" EndDate="2018-04-14 20:51:22.32 AEST" Interest="664.927" Kind="propagation" Navigation="org.eclipse.mylyn.core.model.edges.containment" OriginId="org.eclipse.mylyn.core.model.interest.propagation" StartDate="2018-04-15 15:35:08.386 AEST" StructureHandle="=Assignment1/src&amp;lt;{test.java[test" StructureKind="java" NumEvents="647" CreationCount="677"/><InteractionEvent Delta="null" EndDate="2018-04-14 20:41:17.358 AEST" Interest="8.0" Kind="edit" Navigation="null" OriginId="org.eclipse.jdt.ui.CompilationUnitEditor" StartDate="2018-04-15 15:35:04.290 AEST" StructureHandle="=Assignment1/src&amp;lt;{test.java[test" StructureKind="java" NumEvents="7" CreationCount="677"/><InteractionEvent Delta="null" EndDate="2018-04-13 15:29:21.716 AEST" Interest="2.0" Kind="selection" Navigation="null" OriginId="org.eclipse.ui.views.ContentOutline" StartDate="2018-04-13 15:29:19.895 AEST" StructureHandle="=Week6/src&amp;lt;{Account.java[Account~transfer~QAccount;~D" StructureKind="java" NumEvents="2" CreationCount="60"/><InteractionEvent Delta="null" EndDate="2018-04-13 15:29:20.852 AEST" Interest="1.0" Kind="edit" Navigation="null" OriginId="org.eclipse.jdt.ui.CompilationUnitEditor" StartDate="2018-04-13 15:29:20.852 AEST" StructureHandle="=Week6/src&amp;lt;{Account.java[Account~transfer~QAccount;~D" StructureKind="java"/><InteractionEvent Delta="null" EndDate="2018-04-13 16:00:20.530 AEST" Interest="13.712" Kind="propagation" Navigation="org.eclipse.mylyn.core.model.edges.containment" OriginId="org.eclipse.mylyn.core.model.interest.propagation" StartDate="2018-04-13 15:26:28.36 AEST" StructureHandle="=Week6/src" StructureKind="java" NumEvents="31" CreationCount="34"/><InteractionEvent Delta="null" EndDate="2018-04-13 15:29:22.710 AEST" Interest="1.0" Kind="selection" Navigation="null" OriginId="org.eclipse.ui.views.ContentOutline" StartDate="2018-04-13 15:29:22.710 AEST" StructureHandle="=Week6/src&amp;lt;{Account.java[Account^name" StructureKind="java"/><InteractionEvent Delta="null" EndDate="2018-04-15 15:34:52.313 AEST" Interest="2.0" Kind="selection" Navigation="null" OriginId="org.eclipse.jdt.ui.PackageExplorer" StartDate="2018-04-14 20:14:08.428 AEST" StructureHandle="=Assignment1/src&amp;lt;" StructureKind="java" NumEvents="2" CreationCount="1"/><InteractionEvent Delta="null" EndDate="2018-04-16 21:45:00.583 AEST" Interest="695.01904" Kind="propagation" Navigation="org.eclipse.mylyn.core.model.edges.containment" OriginId="org.eclipse.mylyn.core.model.interest.propagation" StartDate="2018-04-13 15:25:04.903 AEST" StructureHandle="=Assignment1/src&amp;lt;" StructureKind="java" NumEvents="833" CreationCount="1"/><InteractionEvent Delta="null" EndDate="2018-04-13 15:26:28.944 AEST" Interest="1.0" Kind="selection" Navigation="null" OriginId="org.eclipse.jdt.ui.PackageExplorer" StartDate="2018-04-13 15:26:28.944 AEST" StructureHandle="=Week6" StructureKind="java"/><InteractionEvent Delta="null" EndDate="2018-04-13 16:00:20.530 AEST" Interest="52.034" Kind="propagation" Navigation="org.eclipse.mylyn.core.model.edges.containment" OriginId="org.eclipse.mylyn.core.model.interest.propagation" StartDate="2018-04-13 15:26:28.36 AEST" StructureHandle="=Week6" StructureKind="resource" NumEvents="54" CreationCount="34"/><InteractionEvent Delta="null" EndDate="2018-04-14 00:39:04.550 AEST" Interest="2.0" Kind="selection" Navigation="null" OriginId="org.eclipse.jdt.ui.CompilationUnitEditor" StartDate="2018-04-13 15:29:47.217 AEST" StructureHandle="=Assignment1/src&amp;lt;{testBot.java#java.util.*" StructureKind="java" NumEvents="2" CreationCount="33"/><InteractionEvent Delta="null" EndDate="2018-04-14 00:39:04.550 AEST" Interest="4.168" Kind="manipulation" Navigation="null" OriginId="org.eclipse.mylyn.core.model.interest.decay.correction" StartDate="2018-04-14 00:39:04.550 AEST" StructureHandle="=Assignment1/src&amp;lt;{testBot.java#java.util.*" StructureKind="java"/><InteractionEvent Delta="null" EndDate="2018-04-13 16:00:20.530 AEST" Interest="13.6779995" Kind="propagation" Navigation="org.eclipse.mylyn.core.model.edges.containment" OriginId="org.eclipse.mylyn.core.model.interest.propagation" StartDate="2018-04-13 15:26:33.864 AEST" StructureHandle="=Week6/src&amp;lt;" StructureKind="java" NumEvents="25" CreationCount="36"/><InteractionEvent Delta="null" EndDate="2018-04-13 15:26:13.274 AEST" Interest="1.0" Kind="propagation" Navigation="null" OriginId="org.eclipse.jdt.ui.PackageExplorer" StartDate="2018-04-13 15:26:13.274 AEST" StructureHandle="/Assignment1/src/basicCalc.java" StructureKind="resource"/><InteractionEvent Delta="null" EndDate="2018-04-13 15:26:13.273 AEST" Interest="1.0" Kind="selection" Navigation="null" OriginId="org.eclipse.jdt.ui.PackageExplorer" StartDate="2018-04-13 15:26:13.273 AEST" StructureHandle="=Assignment1/src&amp;lt;{basicCalc.java" StructureKind="java"/><InteractionEvent Delta="null" EndDate="2018-04-14 00:39:04.550 AEST" Interest="6.151" Kind="propagation" Navigation="org.eclipse.mylyn.core.model.edges.containment" OriginId="org.eclipse.mylyn.core.model.interest.propagation" StartDate="2018-04-13 15:29:47.217 AEST" StructureHandle="=Assignment1/src&amp;lt;{testBot.java#" StructureKind="java" NumEvents="2" CreationCount="34"/><InteractionEvent Delta="null" EndDate="2018-04-16 21:45:00.583 AEST" Interest="697.01904" Kind="propagation" Navigation="org.eclipse.mylyn.core.model.edges.containment" OriginId="org.eclipse.mylyn.core.model.interest.propagation" StartDate="2018-04-13 15:25:04.903 AEST" StructureHandle="=Assignment1/src" StructureKind="java" NumEvents="833" CreationCount="1"/><InteractionEvent Delta="null" EndDate="2018-04-13 15:27:12.358 AEST" Interest="9.0" Kind="selection" Navigation="null" OriginId="org.eclipse.jdt.ui.CompilationUnitEditor" StartDate="2018-04-13 15:25:04.953 AEST" StructureHandle="=Assignment1/src&amp;lt;{testBot.java[testBot~main~\[QString;" StructureKind="java" NumEvents="9" CreationCount="2"/><InteractionEvent Delta="null" EndDate="2018-04-13 15:26:07.459 AEST" Interest="5.0" Kind="edit" Navigation="null" OriginId="org.eclipse.jdt.ui.CompilationUnitEditor" StartDate="2018-04-13 15:25:53.40 AEST" StructureHandle="=Assignment1/src&amp;lt;{testBot.java[testBot~main~\[QString;" StructureKind="java" NumEvents="5" CreationCount="2"/><InteractionEvent Delta="null" EndDate="2018-04-13 15:33:26.441 AEST" Interest="9.0" Kind="selection" Navigation="null" OriginId="org.eclipse.jdt.ui.CompilationUnitEditor" StartDate="2018-04-13 15:26:43.348 AEST" StructureHandle="=Week6/src&amp;lt;{Account.java" StructureKind="java" NumEvents="9" CreationCount="43"/><InteractionEvent Delta="null" EndDate="2018-04-13 15:29:22.161 AEST" Interest="0.03400016" Kind="propagation" Navigation="org.eclipse.mylyn.core.model.edges.containment" OriginId="org.eclipse.mylyn.core.model.interest.propagation" StartDate="2018-04-13 15:29:22.161 AEST" StructureHandle="=Week6/src&amp;lt;{Account.java" StructureKind="java"/><InteractionEvent Delta="null" EndDate="2018-04-14 00:39:07.515 AEST" Interest="59.0" Kind="propagation" Navigation="null" OriginId="org.eclipse.jdt.ui.PackageExplorer" StartDate="2018-04-13 15:25:04.903 AEST" StructureHandle="/Assignment1/src/testBot.java" StructureKind="resource" NumEvents="59" CreationCount="1"/><InteractionEvent Delta="null" EndDate="2018-04-13 15:29:25.797 AEST" Interest="5.0" Kind="selection" Navigation="null" OriginId="org.eclipse.ui.views.ContentOutline" StartDate="2018-04-13 15:26:34.370 AEST" StructureHandle="=Week6/src&amp;lt;{TestAccount.java[TestAccount" StructureKind="java" NumEvents="5" CreationCount="38"/><InteractionEvent Delta="null" EndDate="2018-04-13 16:00:20.529 AEST" Interest="8.643999" Kind="propagation" Navigation="org.eclipse.mylyn.core.model.edges.containment" OriginId="org.eclipse.mylyn.core.model.interest.propagation" StartDate="2018-04-13 15:29:28.581 AEST" StructureHandle="=Week6/src&amp;lt;{TestAccount.java[TestAccount" StructureKind="java" NumEvents="12" CreationCount="38"/><InteractionEvent Delta="null" EndDate="2018-04-13 23:54:22.779 AEST" Interest="1.0" Kind="propagation" Navigation="org.eclipse.mylyn.core.model.edges.containment" OriginId="org.eclipse.mylyn.core.model.interest.propagation" StartDate="2018-04-13 23:54:22.779 AEST" StructureHandle="=Assignment1/src&amp;lt;{ChatBot.java#" StructureKind="java"/><InteractionEvent Delta="null" EndDate="2018-05-25 15:03:28.687 AEST" Interest="1610.0" Kind="propagation" Navigation="null" OriginId="org.eclipse.jdt.ui.CompilationUnitEditor" StartDate="2018-04-13 15:25:04.903 AEST" StructureHandle="/Assignment1/src" StructureKind="resource" NumEvents="1610" CreationCount="1"/><InteractionEvent Delta="null" EndDate="2018-04-13 15:29:22.161 AEST" Interest="4.0" Kind="selection" Navigation="null" OriginId="org.eclipse.ui.views.ContentOutline" StartDate="2018-04-13 15:26:43.807 AEST" StructureHandle="=Week6/src&amp;lt;{Account.java[Account" StructureKind="java" NumEvents="4" CreationCount="45"/><InteractionEvent Delta="null" EndDate="2018-04-13 15:33:26.476 AEST" Interest="3.006" Kind="propagation" Navigation="org.eclipse.mylyn.core.model.edges.containment" OriginId="org.eclipse.mylyn.core.model.interest.propagation" StartDate="2018-04-13 15:29:34.934 AEST" StructureHandle="=Week6/src&amp;lt;{Account.java[Account" StructureKind="java" NumEvents="4" CreationCount="45"/><InteractionEvent Delta="null" EndDate="2018-05-25 15:03:28.687 AEST" Interest="1610.0" Kind="propagation" Navigation="org.eclipse.mylyn.core.model.edges.containment" OriginId="org.eclipse.mylyn.core.model.interest.propagation" StartDate="2018-04-13 15:25:04.903 AEST" StructureHandle="/" StructureKind="resource" NumEvents="1610" CreationCount="1"/><InteractionEvent Delta="null" EndDate="2018-04-13 15:33:26.476 AEST" Interest="6.0" Kind="selection" Navigation="null" OriginId="org.eclipse.jdt.ui.CompilationUnitEditor" StartDate="2018-04-13 15:29:21.933 AEST" StructureHandle="=Week6/src&amp;lt;{Account.java[Account^accID" StructureKind="java" NumEvents="6" CreationCount="63"/><InteractionEvent Delta="null" EndDate="2018-04-13 15:29:34.934 AEST" Interest="1.0" Kind="edit" Navigation="null" OriginId="org.eclipse.jdt.ui.CompilationUnitEditor" StartDate="2018-04-13 15:29:34.934 AEST" StructureHandle="=Week6/src&amp;lt;{Account.java[Account^accID" StructureKind="java"/><InteractionEvent Delta="null" EndDate="2018-04-15 15:36:16.878 AEST" Interest="3.0" Kind="selection" Navigation="null" OriginId="org.eclipse.jdt.ui.CompilationUnitEditor" StartDate="2018-04-15 15:36:14.32 AEST" StructureHandle="=Assignment1/src&amp;lt;{test.java#javax.swing.*" StructureKind="java" NumEvents="3" CreationCount="707"/><InteractionEvent Delta="null" EndDate="2018-04-13 15:29:58.727 AEST" Interest="9.0" Kind="selection" Navigation="null" OriginId="org.eclipse.jdt.ui.CompilationUnitEditor" StartDate="2018-04-13 15:25:06.305 AEST" StructureHandle="=Assignment1/src&amp;lt;{testBot.java[testBot~Test~I~I~I" StructureKind="java" NumEvents="9" CreationCount="3"/><InteractionEvent Delta="null" EndDate="2018-04-13 15:30:06.867 AEST" Interest="19.0" Kind="edit" Navigation="null" OriginId="org.eclipse.jdt.ui.CompilationUnitEditor" StartDate="2018-04-13 15:25:08.479 AEST" StructureHandle="=Assignment1/src&amp;lt;{testBot.java[testBot~Test~I~I~I" StructureKind="java" NumEvents="19" CreationCount="3"/><InteractionEvent Delta="null" EndDate="2018-04-13 15:54:25.503 AEST" Interest="8.0" Kind="selection" Navigation="null" OriginId="org.eclipse.jdt.ui.CompilationUnitEditor" StartDate="2018-04-13 15:26:33.864 AEST" StructureHandle="=Week6/src&amp;lt;{TestAccount.java" StructureKind="java" NumEvents="8" CreationCount="36"/><InteractionEvent Delta="null" EndDate="2018-04-13 16:00:20.530 AEST" Interest="5.6779995" Kind="propagation" Navigation="org.eclipse.mylyn.core.model.edges.containment" OriginId="org.eclipse.mylyn.core.model.interest.propagation" StartDate="2018-04-13 15:29:25.797 AEST" StructureHandle="=Week6/src&amp;lt;{TestAccount.java" StructureKind="java" NumEvents="11" CreationCount="36"/><InteractionEvent Delta="null" EndDate="2018-05-25 14:52:06.778 AEST" Interest="96.0" Kind="selection" Navigation="null" OriginId="org.eclipse.jdt.ui.PackageExplorer" StartDate="2018-04-13 15:26:14.17 AEST" StructureHandle="=Assignment1/src&amp;lt;{ChatBot.java" StructureKind="java" NumEvents="96" CreationCount="32"/><InteractionEvent Delta="null" EndDate="2018-05-25 15:03:28.687 AEST" Interest="287.05" Kind="propagation" Navigation="org.eclipse.mylyn.core.model.edges.containment" OriginId="org.eclipse.mylyn.core.model.interest.propagation" StartDate="2018-04-13 15:30:45.481 AEST" StructureHandle="=Assignment1/src&amp;lt;{ChatBot.java" StructureKind="java" NumEvents="416" CreationCount="32"/><InteractionEvent Delta="null" EndDate="2018-04-16 21:46:37.796 AEST" Interest="4.0" Kind="edit" Navigation="null" OriginId="org.eclipse.jdt.ui.CompilationUnitEditor" StartDate="2018-04-14 00:38:49.855 AEST" StructureHandle="=Assignment1/src&amp;lt;{ChatBot.java" StructureKind="java" NumEvents="4" CreationCount="32"/><InteractionEvent Delta="null" EndDate="2018-05-25 15:03:28.687 AEST" Interest="385.0" Kind="propagation" Navigation="org.eclipse.mylyn.core.model.edges.containment" OriginId="org.eclipse.mylyn.core.model.interest.propagation" StartDate="2018-04-13 15:29:45.841 AEST" StructureHandle="=Assignment1/src&amp;lt;{ChatBot.java[ChatBot" StructureKind="java" NumEvents="508" CreationCount="82"/><InteractionEvent Delta="null" EndDate="2018-04-13 16:00:20.530 AEST" Interest="30.0" Kind="propagation" Navigation="null" OriginId="org.eclipse.jdt.ui.CompilationUnitEditor" StartDate="2018-04-13 15:26:33.864 AEST" StructureHandle="/Week6/src/TestAccount.java" StructureKind="resource" NumEvents="30" CreationCount="36"/><InteractionEvent Delta="null" EndDate="2018-04-13 15:33:26.477 AEST" Interest="24.0" Kind="propagation" Navigation="null" OriginId="org.eclipse.jdt.ui.CompilationUnitEditor" StartDate="2018-04-13 15:26:43.348 AEST" StructureHandle="/Week6/src/Account.java" StructureKind="resource" NumEvents="24" CreationCount="43"/><InteractionEvent Delta="null" EndDate="2018-04-13 16:00:20.530 AEST" Interest="54.034" Kind="propagation" Navigation="null" OriginId="org.eclipse.jdt.ui.CompilationUnitEditor" StartDate="2018-04-13 15:26:28.36 AEST" StructureHandle="/Week6/src" StructureKind="resource" NumEvents="55" CreationCount="34"/><InteractionEvent Delta="null" EndDate="2018-04-15 20:11:15.686 AEST" Interest="86.0" Kind="selection" Navigation="null" OriginId="org.eclipse.jdt.ui.CompilationUnitEditor" StartDate="2018-04-14 20:14:19.334 AEST" StructureHandle="=Assignment1/src&amp;lt;{test.java[test~main~\[QString;" StructureKind="java" NumEvents="86" CreationCount="510"/><InteractionEvent Delta="null" EndDate="2018-04-16 21:35:06.974 AEST" Interest="716.0" Kind="edit" Navigation="null" OriginId="org.eclipse.jdt.ui.CompilationUnitEditor" StartDate="2018-04-14 20:15:09.402 AEST" StructureHandle="=Assignment1/src&amp;lt;{test.java[test~main~\[QString;" StructureKind="java" NumEvents="716" CreationCount="510"/><InteractionEvent Delta="null" EndDate="2018-05-25 14:52:12.285 AEST" Interest="98.0" Kind="selection" Navigation="null" OriginId="org.eclipse.jdt.ui.CompilationUnitEditor" StartDate="2018-04-13 15:29:45.841 AEST" StructureHandle="=Assignment1/src&amp;lt;{ChatBot.java[ChatBot~main~\[QString;" StructureKind="java" NumEvents="98" CreationCount="82"/><InteractionEvent Delta="null" EndDate="2018-05-25 15:03:28.686 AEST" Interest="410.0" Kind="edit" Navigation="null" OriginId="org.eclipse.jdt.ui.CompilationUnitEditor" StartDate="2018-04-13 15:30:45.481 AEST" StructureHandle="=Assignment1/src&amp;lt;{ChatBot.java[ChatBot~main~\[QString;" StructureKind="java" NumEvents="410" CreationCount="82"/></InteractionHistory>